order,log
1,3.36729583
2,3.912023005
3,5.087596335
4,6.222576268
5,7.026426809
