category,Observed,Estimator,Est_s.e.,95% Lower,95% Upper,level,n,Benthic_Plagic
Species Richness,396,1009.3660933660933,82.12395858988977,848.4060922620506,1170.326094470136,secies,11,Benthic
Shannon div.,373.1664758624912,1039.417747869854,59.88109478610417,922.0529587342608,1156.7825370054475,secies,11,Benthic
Simpson div,346.6404160475478,1116.2146036690929,54.32979964619157,1009.7301530752806,1222.6990542629053,secies,11,Benthic
Species Richness,148,628.1136363636364,131.35369011949396,370.66513449299345,885.5621382342792,secies,11,Pelagic
Shannon div.,141.55662190440597,617.0699606129483,102.99510721529045,415.2032598871377,818.936661338759,secies,11,Pelagic
Simpson div,133.13207547169827,583.1408782047225,86.26003504068711,414.0743162198128,752.2074401896323,secies,11,Pelagic
